{"mae": 1.5406148246579212, "mse": 4.082434545897909, "rmse": 2.0205035377098226, "r2": 0.9884655168376525}