{"mae": 2.490504740845092, "mse": 9.500615203423463, "rmse": 3.082306799042474, "r2": 0.973157025577803}