{"mae": 1.3265424306752378, "mse": 3.2288991421731406, "rmse": 1.7969137826209527, "r2": 0.9908770900379192}